<?xml version="1.0" encoding="UTF-8"?>
<project-private xmlns="http://www.netbeans.org/ns/project-private/1">
    <editor-bookmarks xmlns="http://www.netbeans.org/ns/editor-bookmarks/2" lastBookmarkId="0"/>
    <open-files xmlns="http://www.netbeans.org/ns/projectui-open-files/2">
        <group>
            <file>file:/H:/CFGSDAM-Proyectos/PROG03_Objetos/PROG03_Objetos/src/ejercicio04/Persona04.java</file>
            <file>file:/H:/CFGSDAM-Proyectos/PROG03_Objetos/PROG03_Objetos/src/ejercicio04/PruebaEjercio04.java</file>
        </group>
    </open-files>
</project-private>
